-- phpMyAdmin SQL Dump
-- version 4.5.4.1deb2ubuntu2
-- http://www.phpmyadmin.net
--
-- Хост: localhost
-- Время создания: Окт 14 2016 г., 16:11
-- Версия сервера: 5.7.15-0ubuntu0.16.04.1
-- Версия PHP: 7.0.8-0ubuntu0.16.04.3

SET SQL_MODE = "NO_AUTO_VALUE_ON_ZERO";
SET time_zone = "+00:00";


/*!40101 SET @OLD_CHARACTER_SET_CLIENT=@@CHARACTER_SET_CLIENT */;
/*!40101 SET @OLD_CHARACTER_SET_RESULTS=@@CHARACTER_SET_RESULTS */;
/*!40101 SET @OLD_COLLATION_CONNECTION=@@COLLATION_CONNECTION */;
/*!40101 SET NAMES utf8mb4 */;

--
-- База данных: `print`
--
DROP DATABASE `print`;
CREATE DATABASE IF NOT EXISTS `print` DEFAULT CHARACTER SET utf8 COLLATE utf8_general_ci;
USE `print`;

-- --------------------------------------------------------

--
-- Структура таблицы `cartridges`
--

DROP TABLE IF EXISTS `cartridges`;
CREATE TABLE `cartridges` (
  `id` int(11) NOT NULL,
  `date` date NOT NULL,
  `k_sp3500xe` tinyint(4) NOT NULL,
  `k_12` tinyint(4) DEFAULT NULL,
  `k_285` tinyint(4) DEFAULT NULL,
  `k_505` tinyint(4) DEFAULT NULL,
  `k_5945` tinyint(4) DEFAULT NULL,
  `k_209` tinyint(4) DEFAULT NULL,
  `k_83` tinyint(4) DEFAULT NULL,
  `k_oki_drum` tinyint(4) DEFAULT NULL,
  `k_oki_tuba` tinyint(4) DEFAULT NULL,
  `k_color` tinyint(4) DEFAULT NULL,
  `k_205` tinyint(4) DEFAULT NULL
) ENGINE=InnoDB DEFAULT CHARSET=utf8;

--
-- Дамп данных таблицы `cartridges`
--

INSERT INTO `cartridges` (`id`, `date`, `k_sp3500xe`, `k_12`, `k_285`, `k_505`, `k_5945`, `k_209`, `k_83`, `k_oki_drum`, `k_oki_tuba`, `k_color`, `k_205`) VALUES
(188, '2016-05-31', 0, 12, 6, 4, 3, 4, 4, 2, 2, 1, 5),
(189, '2016-05-31', 0, 0, -2, 0, 0, 0, 0, 0, 0, 0, 0),
(190, '2016-06-06', 0, 0, -1, -1, 0, 0, 0, 0, 0, 0, 0),
(191, '2016-06-06', 1, 0, 0, 0, 0, 0, 0, 0, 0, 0, 0),
(192, '2016-06-08', 0, 0, -1, 0, 0, 0, 0, 0, 0, 0, 0),
(193, '2016-06-08', 0, 0, 0, 0, -1, 0, 0, 0, 0, 0, 0),
(194, '2016-06-10', 0, 0, 6, 0, 0, 0, 0, 0, 0, 0, 0),
(195, '0000-00-00', -1, 0, 0, 0, 0, 0, 0, 0, 0, 0, 0),
(196, '2016-06-09', 0, 0, -1, 0, 0, 0, 0, 0, 0, 0, 0),
(197, '2016-06-14', 0, -2, -1, 0, 0, 0, 0, 0, 0, 0, 0),
(198, '2016-06-14', 0, 0, 0, -1, 0, 0, 0, 0, 0, 0, 0),
(199, '2016-06-15', 0, 0, -1, 0, 0, 0, 0, 0, 0, 0, 0),
(200, '2016-06-15', 1, 0, 0, 0, 0, 0, 0, 0, 0, 0, 0),
(201, '2016-06-16', 0, 0, 0, -1, 0, 0, 0, 0, 0, 0, 0),
(202, '2016-06-16', 0, 0, -1, 0, 0, 0, 0, 0, 0, 0, 0),
(203, '2016-06-16', 0, 0, 0, 0, 0, 0, 0, 0, 0, 0, 0),
(204, '2016-06-16', 0, 0, 0, 0, 0, 0, 0, 0, 0, 0, 0),
(205, '2016-06-16', 0, 0, 0, 0, 0, 0, 0, 0, 0, 0, 0),
(206, '2016-06-16', 0, 0, 0, 0, 0, 0, -1, 0, 0, 0, 0),
(207, '2016-06-20', 0, 0, -1, 0, 0, 0, 0, 0, 0, 0, 0),
(208, '2016-06-22', 0, 0, -1, 0, 0, 0, 0, 0, 0, 0, 0),
(209, '2016-06-22', 0, 0, 6, 1, 0, 2, 0, 0, 0, 0, 0),
(210, '2016-06-22', 0, 0, -1, 0, 0, 0, 0, 0, 0, 0, 0),
(211, '2016-06-23', 0, 0, -1, 0, 0, 0, 0, 0, 0, 0, 0),
(212, '2016-06-24', 0, -1, 0, 0, 0, 0, 0, 0, 0, 0, 0),
(213, '2016-06-28', 0, 0, -2, 0, 0, 0, 0, 0, 0, 0, 0),
(214, '2016-06-28', 0, -1, 0, 0, 0, 0, 0, 0, 0, 0, 0),
(215, '2016-06-29', -1, -1, 0, 0, 0, 0, 0, 0, 0, 0, 0),
(216, '2016-06-29', 2, 0, 0, 0, 0, 0, 0, 0, 0, 0, 0),
(217, '2016-06-29', -1, 0, 0, 0, 0, 0, 0, 0, 0, 0, 0),
(218, '2016-06-29', 0, 0, 0, -1, 0, 0, 0, 0, 0, 0, 0),
(219, '2016-06-29', 0, 0, -2, 0, 0, -1, 0, 0, 0, 0, 0),
(220, '2016-07-01', 0, 0, -1, 0, 0, 0, 0, 0, 0, 0, 0),
(221, '2016-07-01', 0, 0, 4, 2, 0, 0, 0, 0, 0, 0, 0),
(222, '2016-07-04', 0, 0, -1, 0, 0, 0, 0, 0, 0, 0, 0),
(223, '2016-07-06', 0, 0, -1, 0, 0, 0, 0, 0, 0, 0, 0),
(224, '2016-07-07', 0, 0, 4, 0, 0, 0, 0, 0, 0, 0, 0),
(225, '2016-07-08', 0, 0, -1, 0, 0, 0, 0, 0, 0, 0, 0),
(226, '2016-07-08', 0, 0, -2, 0, 0, 0, 0, 0, 0, 0, 0),
(227, '2016-07-11', 0, 0, -1, 0, 0, 0, 0, 0, 0, 0, 0),
(228, '2016-07-12', 0, 0, 4, 0, 2, 0, 0, 0, 0, 0, 0),
(229, '0000-00-00', 0, 0, 0, 0, -1, 0, 0, 0, 0, 0, 0),
(230, '2016-07-12', 0, 0, -1, 0, 0, 0, 0, 0, 0, 0, 0),
(231, '2016-07-13', 0, -1, 0, 0, 0, 0, 0, 0, 0, 0, 0),
(232, '2016-07-18', 0, 0, -4, 0, 0, 0, 0, 0, 0, 0, 0),
(233, '2016-07-18', -1, 0, 0, 0, 0, 0, 0, 0, 0, 0, 0),
(234, '2016-07-18', -1, 0, -6, 0, 0, 0, 0, 0, 0, 0, 0),
(235, '2016-07-18', 1, 0, 6, 0, 0, 0, 0, 0, 0, 0, 0),
(236, '0000-00-00', 1, 0, 6, 0, 0, 0, 0, 0, 0, 0, 0),
(237, '2016-07-19', 0, 0, -1, 0, 0, 0, 0, 0, 0, 0, 0),
(238, '2016-07-19', 0, -1, 0, 0, 0, 0, 0, 0, 0, 0, 0),
(239, '2016-07-25', 0, 0, -1, 0, 0, 0, 0, 0, 0, 0, 0),
(240, '2016-07-27', 0, -1, -1, -1, 0, 0, 0, 0, 0, 0, 0),
(241, '2016-07-27', 1, 0, 0, 0, 0, 0, 0, 0, 0, 0, 0),
(242, '2016-07-25', 0, 0, 0, 0, 0, 0, -1, 0, 0, 0, 0),
(243, '2016-07-28', 0, -3, 0, 0, 0, 0, 0, 0, 0, 0, 0),
(244, '2016-07-28', 0, 0, 0, -2, 0, 0, 0, 0, 0, 0, 0),
(245, '2016-07-28', 0, 0, -1, 0, 0, 0, 0, 0, 0, 0, 0),
(246, '2016-07-29', 0, 4, 6, 2, 0, 0, 2, 0, 0, 0, 0),
(247, '0000-00-00', 0, 0, 0, 0, 0, 0, 0, 0, -1, 0, 0),
(248, '0000-00-00', 0, 0, 0, 0, 0, -3, 0, 0, 0, 0, 0),
(249, '2016-07-29', 0, 2, 1, 0, 0, 4, 0, 0, 0, 0, 0),
(250, '2016-08-01', 0, 0, 0, -1, 0, 0, 0, 0, 0, 0, 0),
(251, '2016-08-04', 0, -1, 0, 0, 0, -1, 0, 0, 0, 0, 0),
(252, '2016-08-05', 0, -1, 0, 0, 0, 0, 0, 0, 0, 0, 0),
(253, '2016-08-05', 0, 0, -6, 0, 0, -4, 0, 0, 0, 0, 0),
(254, '2016-08-09', -1, 1, 9, 1, 0, 6, 0, 0, 0, 0, 0),
(255, '2016-08-15', 0, -1, 0, 0, 0, -1, 0, 0, 0, -1, 0),
(256, '2016-08-16', 0, 0, 0, -1, -1, 0, 0, 0, 0, 0, 0),
(257, '2016-08-19', 0, 0, 0, 2, 0, 4, 0, 0, 0, 2, 0),
(258, '0000-00-00', 0, 0, 0, 0, 2, 0, 0, 0, 0, 0, 0),
(259, '0000-00-00', 0, 0, 0, 0, -1, 0, 0, 0, 0, 0, 0),
(260, '2016-08-22', -1, 0, 0, 0, 0, 0, 0, 0, 0, 0, 0),
(261, '2016-08-24', 2, 0, 0, 0, 0, 0, 0, 0, 0, 0, 0),
(262, '0000-00-00', 0, 0, 0, 0, 0, -1, 0, 0, 0, 0, 0),
(263, '2016-08-24', -1, 0, 0, 0, 0, 0, 0, 0, 0, 0, 0),
(264, '2016-08-25', 0, 0, 0, 0, -1, 0, 0, 0, 0, 0, 0),
(265, '2016-08-29', 0, -1, 0, 0, 0, -2, 0, 0, 0, 0, 0),
(266, '2016-08-29', 0, -1, 0, -1, 0, 0, 0, 0, 0, 0, 0),
(267, '2016-08-31', 2, 0, 0, 0, 0, 0, 0, 0, 0, 0, 0),
(268, '2016-09-02', 0, -1, 0, 0, 0, 0, 0, 0, 0, 0, 0),
(269, '2016-09-06', 0, 0, 0, 0, -1, 0, 0, 0, 0, 0, 0),
(270, '2016-09-07', -1, 0, 0, 0, 0, 0, 0, 0, 0, 0, 0),
(271, '2016-09-12', 0, 6, -2, 1, 3, -5, -2, 0, 1, 0, 0),
(272, '2016-09-16', 0, 0, 0, 0, -1, 0, 0, 0, 0, 0, 0),
(273, '2016-09-16', 0, 0, 0, 0, -1, 0, 0, 0, 0, 0, 0),
(274, '2016-09-16', 0, 0, 0, 0, 0, 4, 0, 0, 0, 0, 0);

-- --------------------------------------------------------

--
-- Структура таблицы `cartriges`
--

DROP TABLE IF EXISTS `cartriges`;
CREATE TABLE `cartriges` (
  `id` int(11) NOT NULL,
  `name` varchar(50) NOT NULL,
  `action` tinyint(1) NOT NULL DEFAULT '1'
) ENGINE=InnoDB DEFAULT CHARSET=utf8;

--
-- Дамп данных таблицы `cartriges`
--

INSERT INTO `cartriges` (`id`, `name`, `action`) VALUES
(1, 'sp3500xe', 1),
(2, '12a', 1),
(3, '285a', 1),
(4, '505', 1),
(5, '5945', 1),
(6, '209', 1),
(7, '83', 1),
(8, 'oki drum', 1),
(9, 'oki tuba', 1),
(10, 'color', 1),
(11, '205', 1);

-- --------------------------------------------------------

--
-- Структура таблицы `departments`
--

DROP TABLE IF EXISTS `departments`;
CREATE TABLE `departments` (
  `id` int(11) NOT NULL,
  `name` char(50) CHARACTER SET utf8 DEFAULT '0',
  `action` tinyint(1) NOT NULL DEFAULT '1'
) ENGINE=InnoDB DEFAULT CHARSET=utf8 COLLATE=utf8_unicode_ci;

--
-- Дамп данных таблицы `departments`
--

INSERT INTO `departments` (`id`, `name`, `action`) VALUES
(1, 'склад', 1),
(2, 'IT', 1),
(3, 'АХО', 1),
(4, 'Директор', 1),
(5, 'СБ', 1),
(6, 'HR_(админы)', 1),
(7, 'HR', 1),
(8, 'ОРП', 0),
(9, 'Аналитики', 1),
(10, 'ГОК', 1),
(11, 'Call-Center', 1),
(12, 'Collection', 1),
(13, 'BackOffice', 1),
(14, 'ОСКО', 1),
(15, 'Переговорка', 1);

-- --------------------------------------------------------

--
-- Структура таблицы `floor`
--

DROP TABLE IF EXISTS `floor`;
CREATE TABLE `floor` (
  `id` int(11) NOT NULL,
  `name` varchar(50) NOT NULL
) ENGINE=InnoDB DEFAULT CHARSET=utf8;

--
-- Дамп данных таблицы `floor`
--

INSERT INTO `floor` (`id`, `name`) VALUES
(1, '1 этаж'),
(2, '2 этаж'),
(3, '3 этаж'),
(4, '4 этаж'),
(5, '9 этаж');

-- --------------------------------------------------------

--
-- Структура таблицы `print`
--

DROP TABLE IF EXISTS `print`;
CREATE TABLE `print` (
  `id` int(11) NOT NULL,
  `name` char(50) NOT NULL DEFAULT '0',
  `model` char(50) NOT NULL DEFAULT '0',
  `sn` char(50) NOT NULL DEFAULT '0',
  `floor` char(50) DEFAULT NULL,
  `unit` varchar(50) NOT NULL DEFAULT '0',
  `inventar` varchar(50) NOT NULL DEFAULT '0',
  `kartrig` char(50) NOT NULL DEFAULT '0',
  `department` char(50) DEFAULT NULL,
  `status` int(11) NOT NULL,
  `functionals` tinytext,
  `img` varchar(255) NOT NULL
) ENGINE=InnoDB DEFAULT CHARSET=utf8;

--
-- Дамп данных таблицы `print`
--

INSERT INTO `print` (`id`, `name`, `model`, `sn`, `floor`, `unit`, `inventar`, `kartrig`, `department`, `status`, `functionals`, `img`) VALUES
(1, 'PRN0175', 'HP LJM1212', 'CNG9D5K03G', '1', '0055-7357', 'аренда', '85A', 'ГОК', 1, 'Печать, ксерокопия', ''),
(2, 'DSK0173', 'HP LJ 3030', 'CNBF180826', '1', '0000-0297', '3-21191', '12A', 'ГОК', 1, 'Печать, ксерокопия', ''),
(3, 'dsk96579', 'HP LJ 3030', 'CNBF181260', '4', '0003-3724', '3-21445', '12A', 'ОСКО', 1, '', ''),
(4, 'MININT-15MK94U', 'HP LJ 3030', 'CNBF033770', '5', '0000-0445', '3-21333', '12A', 'Аналитики', 1, '', ''),
(5, 'PRN0089', 'HP LJM4345', 'CN1N137307', '4', '0046-0980', '1-14040', 'Q5945A', 'Collection', 1, '', ''),
(6, 'PRN0082', 'oki mb460', 'AL08036096', '1', '0040-1056', 'аренда', 'туба polytoner PTO-460', 'ГОК', 1, '', ''),
(7, 'PRN0082', 'Samsung SCX-4824FN', 'sn-none', '1', '0040-4552', 'аренда', '209', '', 4, '', ''),
(8, 'dsk0000', 'HP LJ 3020', 'CNBF043705', '2', '0000-0176', '3-21441', '12A', 'none', 3, NULL, ''),
(9, 'DKUR0151', 'HP LJ 3030', 'CNBF033911', '2', '0000-5280', '3-21330', '12A', 'СБ', 1, NULL, ''),
(10, 'dsk0000', 'HP LJ 3030', 'CNBF105587', '2', '0000-3949', '3-21338', '12A', 'Call-Center', 3, '', ''),
(11, 'PRN0085', 'HP LJM1212', 'CNG9C8B03X', '2', '0006-7042', 'аренда', '85A', 'АХО', 1, NULL, ''),
(12, 'PRN0084', 'oki mb460', 'AL09039882', '', '0040-1058', 'аренда', 'туба polytoner PTO-460', '', 5, '', ''),
(13, 'prn0104', 'HP LJ 3055', 'CNCJ135105', '4', '0004-1742', 'аренда', '12A', 'Collection', 1, NULL, ''),
(14, 'PRN0116', 'Samsung SCX-4833', 'Z5P7BJIC40005MY', '1', '0043-8500', 'аренда', '205', 'Call-Center', 1, '', ''),
(15, 'PRN0032', 'Samsung SCX-4824FN', '6568BALZB01062M', '2', '0006-0514', 'аренда', '209', 'Call-Center', 1, '', ''),
(16, 'PRN0083', 'oki mb460', 'al03029587', '4', '0040-1057', 'аренда', 'туба polytoner PTO-460', 'Call-Center', 1, '', ''),
(17, 'PRN0084', 'Samsung SCX-4824FN', 'sn-none', '2', '0005-4938', 'аренда', '209', 'Call-Center', 4, NULL, ''),
(19, 'PRN0141', 'HP LJM1212', 'CNG9D8M19R', '2', '0050-9235', 'аренда', '85A', 'Call-Center', 1, '', ''),
(20, 'PRN0092', 'HP Color LaserJet CP2025n', 'CNHSN03557', '3', '0007-3604', '3-26541', 'color', 'IT', 1, NULL, ''),
(21, 'PRN0117', 'Samsung SCX-5637FR', 'Z5W3BJIC700002H', '3', '0043-8502', 'аренда', '205', 'OpenSpaсe', 1, 'печать, сканирование на e-mail, ксерокопия', 'scx5637.jpeg'),
(22, 'dsk0981', 'HP LJ 3030', 'CNBF180698', '4', '0000-0062', '3-21332', '12A', 'Collection', 1, NULL, ''),
(23, 'dsk1550', 'HP LJ 3030', 'CNBF145994', '4', '0000-0162', '3-21280', '12A', 'Переговорка', 1, NULL, ''),
(24, 'prn0091', 'HP LJM1212', 'CNG9C8B044', '4', '0006-7041', 'аренда', '85A', 'Директор', 1, NULL, ''),
(25, 'PRN0120', 'Samsung SCX-5637FR', 'Z5W3BJDC60003QD', '1', '0043-8440', 'аренда', '205', 'Call-Center', 1, '', ''),
(26, 'DSK4719', 'HP LJ 3020', 'CNBF012454', '5', '0000-5428', '3-21202', '12A', 'BackOffice', 1, NULL, ''),
(27, 'PRN0173', 'HP LJM1212', 'CNJ8F3N4R4', '2', '0053-3585', 'аренда', '85A', 'Call-Center', 1, NULL, ''),
(28, 'PRN0090', 'HP LJM4345', 'CNDVB33GBG', '1', '0005-4922', '1-14064', 'Q5945A', 'ГОК', 1, '', ''),
(29, 'PRN0047', 'HP LJ 2035', 'CNCK514977', '5', '0006-0613', 'аренда', '505А', 'BackOffice', 1, NULL, ''),
(31, 'PRN0111', 'Samsung SCX-4833', 'Z5P7BJIC4000CQA', '', '0043-8439', 'аренда', '205', '', 3, '', ''),
(32, 'PRN0115', 'Samsung SCX-4833', 'Z5P7BJIC40005EW', '', '0043-8501', 'аренда', '205', '', 5, '', ''),
(33, 'dsk0651', 'HP LJ 3030', 'CNBF146225', '5', '0045-5575', '3-21256', '12A', 'HR', 1, NULL, ''),
(34, 'PRN0094', 'Samsung SCX-4824FN', '6568BALZB01138X', '5', '0006-0627', 'аренда', '209', 'HR_(админы)', 1, NULL, ''),
(35, 'PRN0178', 'HP LJ M1522', 'VNHTB1HGY1', '', '0005-2237', '3-26756', '36A', '', 3, '', ''),
(36, 'dsk0000', 'HP LJ 3030', 'CNBF105615', 'none', '0000-0652', '3-21206', '12A', 'none', 3, NULL, ''),
(37, 'dsk0000', 'HP LJ 3030', 'CNBF170999', 'none', '0000-0409', '3-21247', '12A', 'none', 3, NULL, ''),
(38, 'dsk0000', 'HP LJ 3030', 'CNBF160377', 'none', '0000-2888', '?', '12A', 'none', 3, NULL, ''),
(39, 'prn0083', 'Samsung SCX-4824FN', '-', '2', '-', '-', '209', 'Call-Center', 4, NULL, ''),
(40, 'prn0180', 'HP LJM1212', 'CNG9D8R04N', '2', '0043-8493', '?', '85A', 'Call-Center', 1, NULL, ''),
(41, 'PRN0185', 'Ricoh Aficio SP 3510SF', 'T332Q602704', '2', '0045-1758', 'аренда', 'sp3500xe', 'Call-Center', 1, NULL, ''),
(42, 'prn0183', 'HP m127fn', 'CNB9H5Y7S1', '5', '0072-9776', 'аренда', '83a', 'HR', 1, '', ''),
(43, 'prn0115', 'Samsung scx-4833fp', 'Z5P7BJIC4001F9W', '5', '0040-1219', '', '205', 'BackOffice', 1, '', '');

-- --------------------------------------------------------

--
-- Структура таблицы `status`
--

DROP TABLE IF EXISTS `status`;
CREATE TABLE `status` (
  `id` int(11) NOT NULL,
  `name` char(50) NOT NULL DEFAULT '0'
) ENGINE=InnoDB DEFAULT CHARSET=utf8;

--
-- Дамп данных таблицы `status`
--

INSERT INTO `status` (`id`, `name`) VALUES
(1, 'В работе'),
(2, 'В ремонте'),
(3, 'На складе (рабочий)'),
(4, 'На складе (списан)'),
(6, 'Подмена (установлен)'),
(7, 'Подмена (снят)');

--
-- Индексы сохранённых таблиц
--

--
-- Индексы таблицы `cartridges`
--
ALTER TABLE `cartridges`
  ADD PRIMARY KEY (`id`);

--
-- Индексы таблицы `cartriges`
--
ALTER TABLE `cartriges`
  ADD PRIMARY KEY (`id`);

--
-- Индексы таблицы `departments`
--
ALTER TABLE `departments`
  ADD PRIMARY KEY (`id`);

--
-- Индексы таблицы `floor`
--
ALTER TABLE `floor`
  ADD PRIMARY KEY (`id`);

--
-- Индексы таблицы `print`
--
ALTER TABLE `print`
  ADD PRIMARY KEY (`id`),
  ADD KEY `status` (`status`);

--
-- Индексы таблицы `status`
--
ALTER TABLE `status`
  ADD PRIMARY KEY (`id`);

--
-- AUTO_INCREMENT для сохранённых таблиц
--

--
-- AUTO_INCREMENT для таблицы `cartridges`
--
ALTER TABLE `cartridges`
  MODIFY `id` int(11) NOT NULL AUTO_INCREMENT, AUTO_INCREMENT=275;
--
-- AUTO_INCREMENT для таблицы `cartriges`
--
ALTER TABLE `cartriges`
  MODIFY `id` int(11) NOT NULL AUTO_INCREMENT, AUTO_INCREMENT=12;
--
-- AUTO_INCREMENT для таблицы `departments`
--
ALTER TABLE `departments`
  MODIFY `id` int(11) NOT NULL AUTO_INCREMENT, AUTO_INCREMENT=16;
--
-- AUTO_INCREMENT для таблицы `floor`
--
ALTER TABLE `floor`
  MODIFY `id` int(11) NOT NULL AUTO_INCREMENT, AUTO_INCREMENT=6;
--
-- AUTO_INCREMENT для таблицы `print`
--
ALTER TABLE `print`
  MODIFY `id` int(11) NOT NULL AUTO_INCREMENT, AUTO_INCREMENT=44;
--
-- AUTO_INCREMENT для таблицы `status`
--
ALTER TABLE `status`
  MODIFY `id` int(11) NOT NULL AUTO_INCREMENT, AUTO_INCREMENT=8;
/*!40101 SET CHARACTER_SET_CLIENT=@OLD_CHARACTER_SET_CLIENT */;
/*!40101 SET CHARACTER_SET_RESULTS=@OLD_CHARACTER_SET_RESULTS */;
/*!40101 SET COLLATION_CONNECTION=@OLD_COLLATION_CONNECTION */;
